Index,Hour_1,Day Type_1,Indoor Temperature (C)_1,Average Unmet Cooling Setpoint Difference (C)_1,Indoor Relative Humidity (%)_1,Equipment Electric Power (kWh)_1,DHW Heating (kWh)_1,Cooling Load (kWh)_1,Solar Generation (W/kW)_1,Occupant Count (people)_1,Temperature Set Point (C)_1,Hour_2,Day Type_2,Indoor Temperature (C)_2,Average Unmet Cooling Setpoint Difference (C)_2,Indoor Relative Humidity (%)_2,Equipment Electric Power (kWh)_2,DHW Heating (kWh)_2,Cooling Load (kWh)_2,Solar Generation (W/kW)_2,Occupant Count (people)_2,Temperature Set Point (C)_2,Hour_3,Day Type_3,Indoor Temperature (C)_3,Average Unmet Cooling Setpoint Difference (C)_3,Indoor Relative Humidity (%)_3,Equipment Electric Power (kWh)_3,DHW Heating (kWh)_3,Cooling Load (kWh)_3,Solar Generation (W/kW)_3,Occupant Count (people)_3,Temperature Set Point (C)_3,Outdoor Drybulb Temperature (C),Outdoor Relative Humidity (%),Diffuse Solar Radiation (W/m2),Direct Solar Radiation (W/m2),6h Outdoor Drybulb Temperature (C),12h Outdoor Drybulb Temperature (C),24h Outdoor Drybulb Temperature (C),6h Outdoor Relative Humidity (%),12h Outdoor Relative Humidity (%),24h Outdoor Relative Humidity (%),6h Diffuse Solar Radiation (W/m2),12h Diffuse Solar Radiation (W/m2),24h Diffuse Solar Radiation (W/m2),6h Direct Solar Radiation (W/m2),12h Direct Solar Radiation (W/m2),24h Direct Solar Radiation (W/m2),kg_CO2/kWh,Avg solar generation
577,0.0,0.0,0.4674465017028421,0.5688471720992858,0.7622580561962105,0.0030857582118344793,0.0,0.29483243590237856,0.0,1.0,0.4538461538461548,0.0,0.0,0.3302026998269341,0.8252335370989986,0.6177157073739836,0.0021544207536491992,0.0,0.3897306294537172,0.0,1.0,0.33333333333333154,0.0,0.0,0.6690457293655705,0.7504476781089708,0.527709985805934,0.006945561302551882,0.0,0.2379577817289779,0.0,1.0,0.6666666666666617,0.22333685322069693,0.8294675803900896,0.0,0.0,0.2230711957837692,0.6422826684572013,0.26221034620212164,0.9246211025871451,0.48804567774040747,0.6800181894863411,0.08588607281069943,0.6649342728390444,0.0,0.1667250559425853,0.3494028250055505,0.0,0.4193801803326477,0.0
578,0.043478260869565216,0.0,0.3408223388334437,0.5255639996409573,0.90713340450709,0.002510183136534931,0.0,0.4092287997965014,0.0,1.0,0.3307692307692307,0.043478260869565216,0.0,0.7563576897130897,0.4003018759003347,0.463608518958947,0.0019909516288361003,0.0,0.0,0.0,1.0,0.9833333333333318,0.043478260869565216,0.0,0.6667764877007043,0.739778693204704,0.5445743817198924,0.002730630860741082,0.0,0.2109469684722459,0.0,1.0,0.6666666666666617,0.2154171066525872,0.8410648392198208,0.0,0.0,0.2274375444553309,0.6448239547345987,0.17648494644877097,0.6340440196774291,0.40966309980875687,0.5302592467417478,0.1492668603947684,0.5556989896638601,0.0,0.32862364500212865,0.36777302629249303,0.0,0.28569921651229574,0.0
579,0.08695652173913043,0.0,0.4598225703473634,0.3820482252845772,0.7619719152341855,0.0023274545962057775,0.0,0.24384731231983925,0.0,1.0,0.46153846153846073,0.08695652173913043,0.0,0.9349576557538432,0.7053108938904397,0.41269865887948554,0.0018405697258349692,0.0,0.0024000277891521333,0.0,1.0,0.9999999999999968,0.08695652173913043,0.0,0.6666064614724483,0.7389793040119714,0.5838332711944864,0.002430790006444539,0.0,0.1887727831692715,0.0,1.0,0.6666666666666617,0.20960929250264002,0.8542435424354243,0.0,0.0,0.335056121789923,0.6170004949998147,0.22525612198355655,0.5424715751636953,0.16354423956470301,0.6730810759951171,0.22856705869156665,0.8314099992629058,0.0,0.37195767987443423,0.2463449615595487,0.0,0.197013695069993,0.0
580,0.13043478260869565,0.0,0.43890797854582475,0.4084166938207756,0.8030249467726005,0.0021367749364568623,0.0,0.21038667297713826,0.0,1.0,0.43846153846153846,0.13043478260869565,0.0,0.9920981464316876,0.8129666214450382,0.40971390610013736,0.0021565774940964376,0.0,0.021301719473701908,0.0,1.0,0.9999999999999968,0.13043478260869565,0.0,0.9271126415236378,0.7099433962316973,0.5257799538632988,0.0027091220752053693,0.0,0.10854619998632478,0.0,1.0,0.9333333333333234,0.20696937697993673,0.8624143384290986,0.0,0.0,0.375344285392444,0.5939848364392473,0.21716709161428474,0.47651040130314104,0.1500467383271337,1.0,0.42678579952234225,0.6124163373915403,0.0,0.36663893300537215,0.32423101656406556,0.0,0.24750028383072473,0.0
581,0.17391304347826086,0.0,0.31885685085674087,0.5391155077831444,0.9519720780393359,0.0019301930378684315,0.0,0.2912838807670139,0.0,1.0,0.3076923076923075,0.17391304347826086,0.0,0.9996215424107715,0.827141100141347,0.4564979565462118,0.0038761166834163593,0.0,0.03448014395178398,0.0,1.0,0.9999999999999968,0.17391304347826086,0.0,0.9945271927074533,0.7134416267173648,0.5683719950068108,0.0047502931779088995,0.0,0.108758808864162,0.0,1.0,0.9999999999999915,0.20221752903907084,0.871507643647865,0.0,0.0,0.46580179122323767,0.5447683980079526,0.1525522280431686,0.4295600318646295,0.4344157136915647,0.7524679900530332,0.6246345298617196,0.6329751753178703,0.0,0.4151954114880171,0.19534890318554285,0.0,0.3298215156754093,0.0
582,0.21739130434782608,0.0,0.3080049287093924,0.4067630835868648,0.9643247931216262,0.0016898144847748771,0.6120626751844034,0.3661943802840072,0.0,1.0,0.307692307692306,0.21739130434782608,0.0,0.999501396594218,0.826914739024381,0.5079423759097214,0.007184468454961118,0.0,0.03765322411845158,0.0,1.0,0.9999999999999968,0.21739130434782608,0.0,0.9995863197990282,0.73722743649006,0.6280972616761997,0.012830849821725207,0.0,0.09494813710280103,0.0,1.0,0.9999999999999915,0.1969376979936642,0.8780969952556669,0.0,0.0,0.5213235727547109,0.5643393055161338,0.08216506464571711,0.3385826072825233,0.4010228206810636,0.758437780641958,0.9014120705522115,0.2508918918424861,0.0,0.2746264472552539,0.24654143021842695,0.0,0.5022474981607358,0.0
583,0.2608695652173913,0.0,0.3077020898170613,0.4030695939914883,0.9496492358056923,0.006586681131100779,0.20445862688260974,0.3607087915428028,0.026100442165323635,0.3333333333333333,0.3076923076923075,0.2608695652173913,0.0,0.7603016373981134,0.848492098993874,0.6041827217439018,0.020165771528332408,0.14695304310843957,0.30325680100325936,0.026100442165323635,1.0,0.7499999999999966,0.2608695652173913,0.0,0.9999810223258279,0.7390831556782361,0.6395187583090378,0.05008951458205908,0.0,0.13362445413071894,0.026100442165323635,1.0,0.9999999999999915,0.22333685322069693,0.8476541908276225,0.10502568041088656,0.19677549015229334,0.6713801126643593,0.5453207418725067,0.14707150545924233,0.2973482344883455,0.2613339371788667,0.47608275243179926,0.7961308846467112,0.15695708298659017,0.09076464351873373,0.2999292955543949,0.13157685525935994,0.23384135069638806,0.6273240073111984,0.026100442165323635
584,0.30434782608695654,0.0,0.3152249005135908,0.40100363752069623,0.9424923217090324,0.14580190234172194,0.0,0.3033573938048995,0.11447436544945784,0.3333333333333333,0.3153846153846144,0.30434782608695654,0.0,0.7316928135709234,0.826074380976757,0.6206889992991198,0.03304968509127927,0.0,0.27863135500942626,0.11447436544945784,1.0,0.7333333333333315,0.30434782608695654,0.0,0.9021865058321018,0.7494793721670227,0.6939115081253276,0.052405719059219355,0.0,0.18741673116479746,0.11447436544945784,0.5,0.8999999999999936,0.2734952481520591,0.7841328413284133,0.17985887774204384,0.3654370059398866,0.642439544386438,0.36401199754498254,0.19034565216434662,0.2416378985088,0.47963804500518087,0.9620767242909468,0.6384972709392013,0.02053183047448696,0.15016302254500533,0.33320405506769013,0.02260360352790552,0.3945291459968881,0.7558099073608601,0.11447436544945784
585,0.34782608695652173,0.0,0.3840949106373912,0.39661513508094126,0.8555179708716225,0.009704392608024654,0.0,0.24168741088487614,0.2860396897614475,0.3333333333333333,0.3846153846153836,0.34782608695652173,0.0,0.8315786297938087,0.8253676002159801,0.5852615794318394,0.05220569471333344,0.0,0.25493094846849595,0.2860396897614475,1.0,0.8333333333333299,0.34782608695652173,0.0,0.6697168497029863,0.7536029933227242,0.7934025070190501,0.0767852008057976,0.0,0.2924061552093219,0.2860396897614475,0.5,0.6666666666666617,0.34107708553326294,0.6713231418028466,0.26678826861229776,0.43296413737662454,0.6218414675977048,0.29179021292884927,0.3544023890340066,0.33028868159825037,0.6007514608457446,0.5450527917520297,0.9460381605953929,0.0,0.2166103565102633,0.268071953668098,0.0,0.560580276624182,0.7443064742890284,0.2860396897614475
586,0.391304347826087,0.0,0.6043493254437631,0.2684121145797572,0.6015828193902901,0.009239029979567461,0.0,0.10671255233181172,0.5332339409962563,0.3333333333333333,0.6153846153846144,0.391304347826087,0.0,0.9490846233428627,0.8263753422446509,0.5362401131445298,0.07255800158810663,0.0,0.23406357630804522,0.5332339409962563,1.0,0.9499999999999976,0.391304347826087,0.0,0.666665613029159,0.7392574088411966,0.7870438774444228,0.09783898116418764,0.0,0.3274438918445593,0.5332339409962563,0.5,0.6666666666666553,0.4123548046462514,0.5527148128624143,0.5265924254788076,0.4901969541333572,0.6364215608380964,0.3738255015826492,0.5016401560859803,0.3805308359206986,0.8136121411536944,0.23636382897612915,0.868559345434208,0.0,0.26703468327681795,0.29794289644222327,0.0,0.6042788915803846,0.69648079850126,0.5332339409962563
587,0.43478260869565216,0.0,0.6153690775451125,0.40281142972889833,0.6026113513310147,0.1519393190646258,0.0,0.1664754451977802,0.6512928433901526,0.3333333333333333,0.6153846153846169,0.43478260869565216,0.0,0.9991371058537515,0.8262283958684027,0.5108673347750857,0.07142867385161802,0.05912454593415205,0.2703957241075895,0.6512928433901526,1.0,0.9999999999999936,0.43478260869565216,0.0,0.6666372849506221,0.7391242225671403,0.7726189115258458,0.0778674635636838,0.0,0.3388532822724711,0.6512928433901526,0.0,0.6666666666666553,0.4952481520591342,0.44319978914074853,0.6023856381702107,0.5003796168103256,0.5927151546290931,0.3092360445712354,0.6187081140221097,0.22758060343059838,1.0,0.5115542466276818,0.6246322245493536,0.0,0.667975634437444,0.2668567589363543,0.0,0.5148810075663879,0.7018711025428719,0.6512928433901526
588,0.4782608695652174,0.0,0.6153888987378695,0.40305317334597923,0.6016250981716561,0.009044625579412073,0.0,0.2111756879522679,0.7159134110987915,0.3333333333333333,0.6153846153846144,0.4782608695652174,0.0,0.7672695512413311,0.8301371900763862,0.5862799105303822,0.05763772991151363,0.0,0.468136332425116,0.7159134110987915,0.0,0.7666666666666605,0.4782608695652174,0.0,0.6666374473900837,0.739124986286634,0.7504835907827762,0.07425682470148677,0.14674039137143305,0.3940352584488758,0.7159134110987915,0.0,0.6666666666666617,0.567053854276663,0.356747496046389,1.026832429318869,0.3096668304229378,0.5296824815485756,0.17777027369011345,0.7521540187923546,0.4746472186336281,0.9309165938208217,0.26837575935407426,0.39254209629972014,0.0,0.41906382145818044,0.28440172124603746,0.0,0.5793994871671331,0.7259131024344954,0.7159134110987915
589,0.5217391304347826,0.0,0.6153892239414785,0.40305713960055684,0.5942855516251061,0.009567748511844453,0.0,0.2757461303855237,0.7865615817676332,0.3333333333333333,0.615384615384615,0.5217391304347826,0.0,0.6654133958239671,0.827131746860881,0.5945543047829003,0.05746337923171193,0.11824899645175957,0.6037914575007474,0.7865615817676332,0.0,0.666666666666661,0.5217391304347826,0.0,0.6666380186155257,0.7391276719396045,0.7219819597940272,0.07422169295748134,0.07337049719042264,0.45283224105233244,0.7865615817676332,0.0,0.6666666666666617,0.6330517423442449,0.2908539799683711,0.9839677434838957,0.3890849001831093,0.4538000465818987,0.24839462272123478,0.6095672295665184,0.49341861765830775,0.996792923785234,0.1734850312195341,0.2022090845810093,0.0,0.9001287258189579,0.15824500052390708,0.0,0.2502632382379113,0.7385864799071102,0.7865615817676332
590,0.5652173913043478,0.0,0.6153900191522886,0.40306683816612804,0.5838031087463581,0.009601717875890328,0.0,0.3530336077233755,0.7230789640519654,0.6666666666666666,0.615384615384615,0.5652173913043478,0.0,0.8941738545753117,0.8173690185767544,0.47809305666970053,0.04335826650479691,0.05912451615864258,0.44135217967384766,0.7230789640519654,0.0,0.8999999999999984,0.5652173913043478,0.0,0.6666397941260513,0.7391360196159616,0.6922257202221426,0.05614017838172573,0.0,0.5037168551704603,0.7230789640519654,0.0,0.6666666666666617,0.6642027455121436,0.2594886663152346,0.8789660634570153,0.36579429234960475,0.3746508452241132,0.2805449651024587,0.741965829325389,0.5686206603603412,0.7494633839244478,0.22502809454543576,0.021063979185640194,0.0,0.45586390400453125,0.02383631873532626,0.0,0.6832987422832997,0.7460161348092719,0.7230789640519655
591,0.6086956521739131,0.0,0.6154064844094841,0.4032676520565386,0.5678062399187075,0.1523440302952125,0.0,0.4391687395134224,0.6984684589901774,0.6666666666666666,0.615384615384615,0.6086956521739131,0.0,0.5621273812216682,0.8843980321645782,0.578380681384586,0.03631007254860997,0.059124182070569166,0.7642353532532079,0.6984684589901774,0.0,0.5333333333333304,0.6086956521739131,0.0,0.6666411763823629,0.7391425183824661,0.6635576842878941,0.04712774135861833,0.0,0.5575324875299346,0.6984684589901774,0.0,0.6666666666666617,0.6668426610348468,0.24960463890353193,0.9298228771660346,0.3355477647268992,0.3536202408077431,0.26878082931400454,0.8404926646275561,0.5161647947995968,0.8988630885679114,0.31023639310066403,0.0,0.0,0.2182529894946652,0.0,0.0,0.5917153661113039,0.7590201650934056,0.6984684589901774
592,0.6521739130434783,0.0,0.6153902155977512,0.4030692340580972,0.5534931962009066,0.009852794457836747,0.0,0.46615182902676994,0.6041100388128664,0.3333333333333333,0.6153846153846154,0.6521739130434783,0.0,0.47447256149761025,0.8451830023391288,0.574876772422247,0.04411103215068214,0.0,0.8119085694670187,0.6041100388128664,1.0,0.4666666666666642,0.6521739130434783,0.0,0.666792119298113,0.7398521861602424,0.6017566936227785,0.038365316139501414,0.0,0.5898741375493889,0.6041100388128664,0.0,0.6666666666666617,0.6462513199577612,0.26199261992619927,0.8168290692651081,0.32159126434728236,0.3366476560162262,0.18397435711302787,0.8392097239818899,0.8560623927624283,1.0,0.17014161943642556,0.0,0.0,0.31724069754118944,0.0,0.0,0.5885081085446041,0.7584723217033921,0.6041100388128665
593,0.6956521739130435,0.0,0.615397383818297,0.40315665924909494,0.5281036902891123,0.011281182872298491,0.088793520880339,0.47291943863116115,0.47140492146364604,0.3333333333333333,0.6153846153846154,0.6956521739130435,0.0,0.33663930938882203,0.837360452306582,0.5905095054538526,0.018757156628513776,0.0,0.836947990881606,0.47140492146364604,0.0,0.33333333333333154,0.6956521739130435,0.0,0.6666478574565512,0.7391739298803083,0.5793949030852802,0.04775712967038735,0.0,0.6133037683898049,0.47140492146364604,0.5,0.6666666666666617,0.6092925026399156,0.2933579335793358,0.6773628378054048,0.2857956321736412,0.2577486012049567,0.16837412273392383,0.7460066635121569,0.8017904627488321,0.7094930780675922,0.19622675617951862,0.0,0.0,0.3281275718285139,0.0,0.0,0.473338231298914,0.7605885578120266,0.47140492146364604
594,0.7391304347826086,0.0,0.7521977922749692,0.3829199427494572,0.38704293525096584,0.013856012542894371,0.0,0.3252335089574073,0.30039418833177267,0.3333333333333333,0.7538461538461528,0.7391304347826086,0.0,0.8272854930805627,0.8172791020096641,0.38414202493395655,0.012829228842841885,0.0,0.3288352923675517,0.30039418833177267,0.0,0.8333333333333289,0.7391304347826086,0.0,0.9923134983103655,0.7030338008472364,0.4548742267749055,0.07070320170839149,0.0,0.5746279748202846,0.30039418833177267,0.5,0.9999999999999893,0.5654699049630414,0.3385608856088561,0.401070417126674,0.30999062123174487,0.2699306352422841,0.10370630327565214,0.6123533747893823,0.6938176396513501,1.0,0.15538355433350945,0.0,0.0,0.17395478630196842,0.0,0.0,0.5035569016055652,0.7532991604630233,0.30039418833177267
595,0.782608695652174,0.0,0.8828895717405654,0.3819968531728385,0.2621303667710292,0.019491944893110295,0.0,0.15713231426116392,0.09867627157909903,0.3333333333333333,0.8846153846153844,0.782608695652174,0.0,0.9990849022416343,0.8261300414829724,0.3224326098389995,0.008466095936218148,0.0,0.2453131489537441,0.09867627157909903,0.0,0.9999999999999968,0.782608695652174,0.0,0.7389062001926273,0.7654455563205123,0.5512957359647723,0.07198466041868815,0.0,0.6072593721258558,0.09867627157909903,0.5,0.7333333333333276,0.5052798310454065,0.41104375329467585,0.19317909086545382,0.15716135947478896,0.23606009879181816,0.15874286041907926,0.6901001132673042,0.8517349253625138,1.0,0.16733874360195675,0.0,0.11914205550829918,0.08003345163273572,0.0,0.1849426751600995,0.1544429530004077,0.7423948833364212,0.09867627157909903
596,0.8260869565217391,0.0,0.6324287914341559,0.6108754444400539,0.5358817183135013,0.02576766447480254,0.370712381842882,0.3984763873756716,0.0033900294354952745,0.6666666666666666,0.6153846153846154,0.8260869565217391,0.0,0.999356533393595,0.826641809039462,0.3289279305682949,0.021998701641057473,0.0,0.22663534929621432,0.0033900294354952745,1.0,0.9999999999999968,0.8260869565217391,0.0,0.6678013231321982,0.7445970225687908,0.5752717186647377,0.10038757363112406,0.0,0.6026683929682677,0.0033900294354952745,1.0,0.6666666666666553,0.41393875395987323,0.5288613600421718,0.028200451207219313,0.028247956768344424,0.18947430593988082,0.20879068881894255,0.5752782671620993,1.0,1.0,0.39049588509254657,0.0,0.16870676785749522,0.01605731646683425,0.0,0.3609503643612624,0.01800657314175178,0.725245624757066,0.0033900294354952745
597,0.8695652173913043,0.0,0.6154819621292837,0.40418819489241353,0.5519419491726705,0.03872783850044735,0.0,0.380769167833895,0.0,1.0,0.6153846153846154,0.8695652173913043,0.0,0.9993295953092319,0.8265910562538871,0.33834414050671846,0.028201781206975023,0.0,0.21532906559649106,0.0,1.0,0.9999999999999968,0.8695652173913043,0.0,0.6666568604624459,0.7392162580886866,0.5585248528739328,0.08782261596616636,0.0,0.483610758661601,0.0,1.0,0.6666666666666553,0.3489968321013727,0.6309963099630996,0.0,0.0,0.1936116616956353,0.40135510496533017,0.47972396431768993,1.0,0.6630760818209265,0.28097098212530486,0.0,0.17779932171963034,0.0,0.0,0.4653740260140151,0.0,0.7171303818202497,0.0
598,0.9130434782608695,0.0,0.615394948941107,0.4031269629525057,0.5532125019175773,0.029465900651013767,0.20469660318844707,0.384945880077477,0.0,1.0,0.615384615384615,0.9130434782608695,0.0,0.9993208947375277,0.826574663913432,0.34941201393962174,0.025291488559910324,0.0,0.17985861381610646,0.0,1.0,0.9999999999999968,0.9130434782608695,0.0,0.6666387649604764,0.7391311809281509,0.5588161331298951,0.0524182468106082,0.0,0.38472887878675693,0.0,1.0,0.6666666666666617,0.30623020063357975,0.7100685292567211,0.0,0.0,0.222405007461014,0.4554170580157645,0.37074516325677115,0.7188008934700371,0.6740500910711323,0.5084755774277393,0.0,0.2886463145822646,0.0,0.0,0.6704581740771657,0.0,0.7236846511530224,0.0
599,0.9565217391304348,0.0,0.6153893416508766,0.4030585752102208,0.5599084840957091,0.012163475496802103,0.2220337455590167,0.28097224712953967,0.0,1.0,0.6153846153846144,0.9565217391304348,0.0,0.8669614712115498,0.8290650984492864,0.4115645589506651,0.0028388341037961728,0.0,0.21230406851928105,0.0,1.0,0.8666666666666653,0.9565217391304348,0.0,0.6666386702047676,0.7391307354281229,0.56421022042322,0.03904543186154243,0.0,0.3193350230563929,0.0,1.0,0.6666666666666617,0.26927138331573397,0.7817606747496046,0.0,0.0,0.20140985499641992,0.48834303501616005,0.38533433433386555,0.8951972976952453,0.39199222552318497,0.5610555437510979,0.0,0.5195156807628286,0.0,0.0,0.45112137604166924,0.0,0.685820654048452,0.0
600,1.0,0.0,0.6153898467521326,0.40306473553598776,0.5671041452070333,0.002979004769650069,0.0,0.21456337850881338,0.0,1.0,0.615384615384615,1.0,0.0,0.8324164034148273,0.8269460103350897,0.4354192446112437,0.0023484267293568816,0.0,0.18415803853274582,0.0,1.0,0.8333333333333299,1.0,0.0,0.9971189334577583,0.7256268617096936,0.4492638418363069,0.003698476011351193,0.0,0.15980269900389707,0.0,1.0,0.9999999999999915,0.23864836325237587,0.8434370057986295,0.0,0.0,0.19178247010399666,0.652593352466377,0.27301246567271514,0.7906359320635408,0.37761333229257843,0.9543092436706437,0.0,0.307316423398446,0.0,0.0,0.5599207901745221,0.0,0.6286683487084068,0.0
601,0.0,0.16666666666666666,0.4742855826325582,0.558442297333278,0.7300659255418989,0.0027167650351233538,0.0,0.29389830835650443,0.0,1.0,0.46153846153846073,0.0,0.16666666666666666,0.8983869622935899,0.8253067378944696,0.42109450408755766,0.0021544207536491992,0.0,0.10629712199620167,0.0,1.0,0.8999999999999984,0.0,0.16666666666666666,0.9998756743286003,0.7385878553276752,0.46138058490292244,0.0031154325093492607,0.0,0.14171357456430625,0.0,1.0,0.9999999999999915,0.21805702217529052,0.8871903004744333,0.0,0.0,0.22246617202683777,0.6759238388155541,0.31452989760537314,0.797898229937721,0.14090489112593166,0.8088064454946491,0.10455830144585003,0.8357072160628269,0.0,0.22243591359174678,0.2660963550664452,0.0,0.43842993699229654,0.0
602,0.043478260869565216,0.16666666666666666,0.31533845544957606,0.4962043852099873,0.9044998289546774,0.002510183136534931,0.0,0.43372345463720335,0.0,1.0,0.307692307692306,0.043478260869565216,0.16666666666666666,0.9995603040298163,0.8270257237702675,0.4089252817651191,0.0019909516288361003,0.0,0.04457418798273736,0.0,1.0,0.9999999999999968,0.043478260869565216,0.16666666666666666,0.9999648800808977,0.7390072618806971,0.48935059896146493,0.002730630860741082,0.0,0.1320962976802344,0.0,1.0,0.9999999999999915,0.2016895459345301,0.915129151291513,0.0,0.0,0.2643508257778532,0.710923808455632,0.2114886292587042,1.0,0.20088336957238734,0.8560257615865244,0.2619350771176216,0.4341783721938472,0.0,0.49479138773076814,0.6644021022813444,0.0,0.34696249717373273,0.0
603,0.08695652173913043,0.16666666666666666,0.30791017562648304,0.4056074541921047,0.8926456789753368,0.0023274545962057775,0.0,0.37918696777562505,0.0,1.0,0.307692307692306,0.08695652173913043,0.16666666666666666,0.999508853831125,0.826928788855862,0.4144093587860403,0.0018405697258349692,0.0,0.04971041259983587,0.0,1.0,0.9999999999999968,0.08695652173913043,0.16666666666666666,0.9999634693329271,0.7390006291588348,0.5099819503456131,0.002430790006444539,0.0,0.12368328205944688,0.0,1.0,0.9999999999999915,0.18848996832101372,0.9333157617290458,0.0,0.0,0.3232648430761724,0.6485808103868598,0.1355517860933669,0.7248823346753314,0.2545473689053275,0.584922518970545,0.2411349196843872,0.404023432376306,0.0,0.5338382474848522,0.5339437635817224,0.0,0.25677132091366733,0.0
604,0.13043478260869565,0.16666666666666666,0.3077293626116716,0.4034022189801556,0.8850989438602557,0.059348566724720976,0.0,0.3171161767892613,0.0,1.0,0.3076923076923075,0.13043478260869565,0.16666666666666666,0.9995426955724641,0.8269925484988465,0.4345928749026547,0.0021565774940964376,0.0,0.04647785831335032,0.0,1.0,0.9999999999999968,0.13043478260869565,0.16666666666666666,0.9999756048704879,0.7390576851652728,0.5243185551427502,0.0027091220752053693,0.0,0.11473214685727935,0.0,1.0,0.9999999999999915,0.17793030623020067,0.9457037427517132,0.0,0.0,0.4929619211273681,0.7313514586636,0.15151954815467591,0.4628644752080186,0.2553359663292976,1.0,0.23268137046954418,0.23913257124105508,0.0,0.6751189421513952,0.5164631636427988,0.0,0.24430188656630022,0.0
605,0.17391304347826086,0.16666666666666666,0.3077278735267677,0.40338405777385633,0.8552437834660223,0.0019301930378684315,0.20543450505483848,0.34015046386848613,0.0,1.0,0.3076923076923075,0.17391304347826086,0.16666666666666666,0.9995639799523398,0.8270326494040694,0.45037804155499106,0.0038761166834163593,0.0,0.042796556397320856,0.0,1.0,0.9999999999999968,0.17391304347826086,0.16666666666666666,0.9999910161853308,0.7391301424482322,0.5636599127832989,0.0047502931779088995,0.0,0.10705857897278133,0.0,1.0,0.9999999999999915,0.16684266103484688,0.9554559831312599,0.0,0.0,0.556104354331591,0.6541095029585621,0.08885236846297692,0.4765124766395363,0.16131284751335673,1.0,0.6354105041332455,0.21626019446582445,0.0,0.47884084072568495,0.6149666876954423,0.0,0.2540314712237188,0.0
606,0.21739130434782608,0.16666666666666666,0.30770382538618396,0.4030907613734162,0.8714054007940898,0.001425582573422038,0.12199975259489046,0.3043818338706987,0.0,1.0,0.3076923076923075,0.21739130434782608,0.16666666666666666,0.9994859871742653,0.8268857068565363,0.46501252674746085,0.007184468454961118,0.0,0.03809040998373434,0.0,1.0,0.9999999999999968,0.21739130434782608,0.16666666666666666,0.9999912505008759,0.7391312440977624,0.5900294425075949,0.01632341854930005,0.0,0.10057563403208954,0.0,1.0,0.9999999999999915,0.16050686378035917,0.9579599367422246,0.0,0.0,0.6280273750464686,0.6986513935873792,0.16605271545517192,0.21694530614852486,0.23572514786366897,1.0,0.34923835078238685,0.2425085612997372,0.0,0.5567018765503392,0.4824734240618254,0.0,0.3158956165827338,0.0
607,0.2608695652173913,0.16666666666666666,0.30770159616147563,0.4030635732596218,0.8678112496132999,0.09039525929968568,0.02905197133323726,0.26640379374615897,0.03496854481258815,0.6666666666666666,0.3076923076923075,0.2608695652173913,0.16666666666666666,0.9992745337149352,0.8264873172778299,0.471392319563574,0.012694041975723767,0.0,0.09127577148810302,0.03496854481258815,1.0,0.9999999999999968,0.2608695652173913,0.16666666666666666,0.9999900819225488,0.739125749951976,0.5956995318274869,0.016550054915110107,0.0,0.11615479408909792,0.03496854481258815,0.5,0.9999999999999915,0.20063357972544882,0.9102530311017396,0.13785820573129168,0.25330489928989325,0.727299090010058,0.612234678646786,0.20087918633578,0.20401313094985388,0.33898783777585056,0.7365810711443214,0.8975930961688251,0.09706635066476992,0.14222760962955447,0.40535346258823685,0.18864315631188636,0.4027681613450941,0.3826217143378808,0.03496854481258815
608,0.30434782608695654,0.16666666666666666,0.3077010382375288,0.40305676869672985,0.8648168881212663,0.016221289046554954,0.12110672554569016,0.2705786057240978,0.1656397204729788,0.6666666666666666,0.307692307692306,0.30434782608695654,0.16666666666666666,0.9992181008982616,0.8263809948457874,0.47701771524040665,0.021485792824407313,0.0,0.18648010792942968,0.1656397204729788,1.0,0.9999999999999968,0.30434782608695654,0.16666666666666666,0.9999891342974958,0.7391212946321573,0.6066235728263933,0.02817989506368813,0.0,0.15993887334617982,0.1656397204729788,0.5,0.9999999999999893,0.2576557550158396,0.8220875065893516,0.24542792684682954,0.5491045509356438,0.7199569396051373,0.4309951334406181,0.382622673831241,0.24853476803500735,0.36957579181351524,0.3961745192392868,0.427084078983283,0.019774385968747754,0.13247104273955138,0.49912604113695974,0.031615407625156994,0.32679952651753913,0.44529025016435697,0.1656397204729788
609,0.34782608695652173,0.16666666666666666,0.3843258030505045,0.3994311496255728,0.7700939405891577,0.009704392608024654,0.0,0.23427652955762618,0.42178828798688767,0.3333333333333333,0.3846153846153831,0.34782608695652173,0.16666666666666666,0.9992449637102702,0.826431605814244,0.48025101791477,0.04040954657422018,0.0,0.281457609085086,0.42178828798688767,1.0,0.9999999999999936,0.34782608695652173,0.16666666666666666,0.999989169033065,0.7391214579436588,0.621006229963657,0.10053039350061878,0.0,0.2818719310605277,0.42178828798688767,0.5,0.9999999999999893,0.35005279831045416,0.6259884027411703,0.27101233619737913,0.7666249832521995,0.6919070228232014,0.3933928910806006,0.46650713472337896,0.19349449386883533,0.5424382816991506,0.6788566604001461,0.49504493843041136,0.0,0.1228533418922809,0.5266147997040026,0.0,0.7972131679814,0.49484312466783176,0.42178828798688767
610,0.391304347826087,0.16666666666666666,0.6054839539888113,0.28225029333373874,0.5170026013496168,0.009239029979567461,0.04424308989380926,0.11722234890600644,0.6208897348388247,0.3333333333333333,0.6153846153846154,0.391304347826087,0.16666666666666666,0.9992620574418875,0.8264638113149639,0.4710613420459602,0.06124538286287251,0.0,0.31858773585419925,0.6208897348388247,1.0,0.9999999999999968,0.391304347826087,0.16666666666666666,0.9999891291954194,0.7391212706443983,0.6114356858305566,0.09783898116418764,0.3654739001237675,0.310881207314988,0.6208897348388247,0.5,0.9999999999999936,0.44984160506863774,0.4497891407485503,0.31195699131186094,0.7898151042829709,0.7410987941867355,0.4297229902756178,0.5843594149837695,0.22744273086474157,0.6348792943416731,0.26437982788026054,0.3464303416315651,0.0,0.17054535986281316,0.7113471846560581,0.0,0.4927996767534401,0.39315762101536755,0.6208897348388247
611,0.43478260869565216,0.16666666666666666,0.6153736962681194,0.4028677606884122,0.5082366234739638,0.008909839593965525,0.08848615034993246,0.17464757211185541,0.795092989945758,0.3333333333333333,0.6153846153846134,0.43478260869565216,0.16666666666666666,0.9991944147613904,0.8263363689024772,0.4461012011898522,0.06045787997544249,0.0,0.3602005252421116,0.795092989945758,0.0,0.9999999999999968,0.43478260869565216,0.16666666666666666,0.7355428873139628,0.7496327255910179,0.694113302871137,0.0778674635636838,0.0,0.4077287323156714,0.795092989945758,0.0,0.7333333333333297,0.5575501583949315,0.3278861360042172,0.7250516008256133,0.6332901612254924,0.6826934253933519,0.30096022165648534,0.6590716245791546,0.14876657907469518,0.3980149422326956,0.25763748016894666,0.2583267806715264,0.0,0.14446577892568163,0.5933101039542418,0.0,0.9875351470314222,0.45416715657534346,0.795092989945758
612,0.4782608695652174,0.16666666666666666,0.6153888874306599,0.4030530354407695,0.5044123406718796,0.009044625579412073,0.044243084301210996,0.2274468550788709,0.8697995698705915,0.3333333333333333,0.6153846153846144,0.4782608695652174,0.16666666666666666,0.9990792447372089,0.8261193824433347,0.4265876928152379,0.05763772991151363,0.0,0.3976659140758795,0.8697995698705915,0.0,0.9999999999999968,0.4782608695652174,0.16666666666666666,0.6673223713750488,0.7423452002327152,0.687536657798837,0.07425682470148677,0.0,0.4758459168250571,0.8697995698705915,0.0,0.6666666666666553,0.6430834213305175,0.2528993147074328,0.4277348437575001,0.7952972176320843,0.6264171458035834,0.2405839304933652,0.8166845414267895,0.23106726280722562,0.9185986077781648,0.34071134346248594,0.20394881650025337,0.0,0.16422591535170863,0.48582144423587115,0.0,0.6421416143213933,0.5601822791380296,0.8697995698705915
613,0.5217391304347826,0.16666666666666666,0.6153891689312374,0.403056468683594,0.4943926087969405,0.009567748511844453,0.0,0.30381713712440134,0.865851710580299,0.3333333333333333,0.6153846153846144,0.5217391304347826,0.16666666666666666,0.9987267907129105,0.8254553402909962,0.4016662479742301,0.05746337923171193,0.0,0.46890086440876666,0.865851710580299,0.0,0.9999999999999968,0.5217391304347826,0.16666666666666666,0.6666479644890136,0.73917443310031,0.6476653264250056,0.13668806333500705,0.07473700860899211,0.5722561763511353,0.865851710580299,0.5,0.6666666666666553,0.7053854276663147,0.20426989984185553,1.1198579177266836,0.42952525568308697,0.5590374648999724,0.23312697056978773,0.7834689690679121,0.3474848910661077,0.539938689202456,0.21940351953617337,0.11956307759389305,0.0,0.19882157937073014,0.2958239472981984,0.0,1.028986636613901,0.5794433971035999,0.865851710580299
614,0.5652173913043478,0.16666666666666666,0.6153898295702889,0.40306452598245107,0.48235702190519647,0.009601717875890328,0.044242022159227255,0.3783843343885653,0.8537838633871896,0.3333333333333333,0.615384615384615,0.5652173913043478,0.16666666666666666,0.9981895686477775,0.8244431853095797,0.37675194396677597,0.04335826650479691,0.0,0.4943295009211531,0.8537838633871896,0.0,0.9999999999999968,0.5652173913043478,0.16666666666666666,0.6666391840562123,0.739133151333573,0.6075429829982424,0.1183829316829605,0.05314838786530175,0.6256524603589538,0.8537838633871896,0.5,0.6666666666666617,0.7365364308342132,0.17791249341064835,0.4610953775260404,0.713255325800545,0.44398766677211376,0.1792367499812799,0.8044157719361817,0.3973093581375047,0.9316994336157611,0.20567415359193547,0.022714723836420037,0.0,0.17346228082705725,0.026916597543330985,0.0,0.6554751941136119,0.6248584103058119,0.8537838633871896
615,0.6086956521739131,0.16666666666666666,0.615389999094432,0.4030665935361077,0.46919922044867274,0.00931455082455222,0.0,0.44139520096708146,0.8366256514527045,0.3333333333333333,0.615384615384615,0.6086956521739131,0.16666666666666666,0.9972349086366148,0.8226445550064457,0.3509696605833639,0.03631007254860997,0.0,0.5782870108535751,0.8366256514527045,0.0,0.9999999999999968,0.6086956521739131,0.16666666666666666,0.6666396773128741,0.7391354704113337,0.5685521183624734,0.06807072776634229,0.08229171125227965,0.6636347133225899,0.8366256514527045,0.5,0.6666666666666617,0.7470960929250264,0.16394306800210862,0.46215139442231074,0.736199812424635,0.4049484724628574,0.18586118040443073,0.9796986362064086,0.3862653050093105,0.8069208744004586,0.09150244371781793,0.0,0.0,0.11585883719194998,0.0,0.0,0.5569811893822613,0.6435569974879433,0.8366256514527045
616,0.6521739130434783,0.16666666666666666,0.5745618199291944,0.4680120004243171,0.49709866586562246,0.009852794457836747,0.0,0.537807132294238,0.7451030670321951,0.3333333333333333,0.5692307692307694,0.6521739130434783,0.16666666666666666,0.996875056974936,0.8219665753113082,0.32637380510221203,0.033039519816313034,0.0,0.5848006462216987,0.7451030670321951,0.0,0.9999999999999968,0.6521739130434783,0.16666666666666666,0.6666401480278593,0.7391376835079595,0.5318008732695308,0.06018349478723764,0.0,0.7038766499189039,0.7451030670321951,0.5,0.6666666666666617,0.7386483632523758,0.16157090142329997,0.4038544616713867,0.7440712786387388,0.34290941435627903,0.21951711620271758,0.9744886621620283,0.5826282866090738,0.6642605215858317,0.2139029802128145,0.0,0.0,0.14425182224736643,0.0,0.0,0.6926848815778853,0.6444640288149381,0.7451030670321951
617,0.6956521739130435,0.16666666666666666,0.5396022650498109,0.4169008235624836,0.5123336909268146,0.019122637667576776,0.0,0.6255749114629312,0.5975731011193282,0.6666666666666666,0.5384615384615383,0.6956521739130435,0.16666666666666666,0.9975691272860917,0.8232742407414635,0.2986335503797242,0.018757156628513776,0.0,0.5991633801147255,0.5975731011193282,0.0,0.9999999999999968,0.6956521739130435,0.16666666666666666,0.6666388318365964,0.739131495350509,0.4905602574769857,0.024907244047914525,0.0,0.7071653943564906,0.5975731011193282,0.0,0.6666666666666617,0.712777191129884,0.16974169741697417,0.33602937647002346,0.7279487294002055,0.29256337196143506,0.18880758246715945,0.9255077063388922,0.7256500502732369,0.8036284585845024,0.07699281022022177,0.0,0.0,0.16638433020034749,0.0,0.0,0.8051803563455342,0.6432451825095638,0.5975731011193282
618,0.7391304347826086,0.16666666666666666,0.6142129246156556,0.38871073485869095,0.4178263302394705,0.03300412180825625,0.08848580274813062,0.572265691366137,0.3646000724015102,1.0,0.615384615384615,0.7391304347826086,0.16666666666666666,0.9982869112898481,0.8246265840313928,0.27322473631491817,0.012829228842841885,0.0,0.5803385132889056,0.3646000724015102,0.0,0.9999999999999968,0.7391304347826086,0.16666666666666666,0.9927507642364928,0.705089634581136,0.3494345674055143,0.09416936432701356,0.07309740517558093,0.7100553015901393,0.3646000724015102,1.0,0.9999999999999893,0.6726504751847939,0.19280442804428044,0.2669562713003408,0.5990353266937609,0.31771212693916956,0.1966419409177917,0.9016882756005687,0.8185916282794925,0.8634413364643077,0.026256799494569265,0.0,0.0,0.09128101292852424,0.0,0.0,0.5815460814151053,0.6358589278911185,0.3646000724015102
619,0.782608695652174,0.16666666666666666,0.7144492423709812,0.39160937723067624,0.30900958013228175,0.030045443782774843,0.0,0.3673583009262493,0.10719836556573605,1.0,0.7153846153846138,0.782608695652174,0.16666666666666666,0.9988613964843576,0.8257089447330701,0.2556574621099294,0.008466095936218148,0.0,0.4778380040871209,0.10719836556573605,0.0,0.9999999999999968,0.782608695652174,0.16666666666666666,0.9999108736023935,0.7387533469659319,0.32373623963183334,0.04458636115543294,0.07309748714551587,0.5499309326441512,0.10719836556573605,0.5,0.9999999999999915,0.5902851108764521,0.2594886663152346,0.16111457783324531,0.3047876378902238,0.24837136554347047,0.24300452323902186,0.6454328227900616,0.934771954176292,0.8228151686051308,0.24411228052623601,0.0,0.13750286080915497,0.062461330012930506,0.0,0.2660310259067708,0.4224311607809451,0.6363826129708253,0.10719836556573605
620,0.8260869565217391,0.16666666666666666,0.6187913182259889,0.4445498281570657,0.4096017550544036,0.02576766447480254,0.044243043335523896,0.3763502709853808,0.001870820685096354,1.0,0.6153846153846144,0.8260869565217391,0.16666666666666666,0.9992300005729746,0.826403414466685,0.24677790587489398,0.021998701641057473,0.0,0.37623489875055016,0.001870820685096354,1.0,0.9999999999999968,0.8260869565217391,0.16666666666666666,0.8679675603369875,0.7453246081307047,0.3570265023153804,0.04115027339976739,0.0,0.49810033174253987,0.001870820685096354,0.5,0.8666666666666532,0.4809926082365364,0.3600421718502899,0.02385638170210723,0.036621856996114505,0.16908448832219644,0.36711895941364225,0.4938733229083486,1.0,0.41453639092670136,0.37201757884664083,0.0,0.11909249665392987,0.02442240375156899,0.0,0.5387011239906798,0.07965066593024503,0.6386332037041161,0.001870820685096354
621,0.8695652173913043,0.16666666666666666,0.6154323286522093,0.4035828541128884,0.4136574834848075,0.027232675506778204,0.17696885615519659,0.3708250685790369,0.0,1.0,0.615384615384615,0.8695652173913043,0.16666666666666666,0.9992362432752336,0.8264151760502072,0.24530559131631258,0.022641911659402707,0.0,0.3241800283205817,0.0,1.0,0.9999999999999968,0.8695652173913043,0.16666666666666666,0.6693143402910094,0.7517105695642972,0.4186536683480162,0.08416950939773238,0.0,0.5464592423032685,0.0,1.0,0.6666666666666617,0.42661034846884904,0.42751713231418026,0.0,0.0,0.18386857844226268,0.43837869000265134,0.4980978853713746,0.9833764607322584,0.6131034048472345,0.4910715609923259,0.0,0.21355082964079422,0.0,0.0,0.6587247228497586,0.0,0.6626135496326263,0.0
622,0.9130434782608695,0.16666666666666666,0.615390076944881,0.4030675430172743,0.4191868955056592,0.01675480969564248,0.0,0.31579078651114834,0.0,1.0,0.6153846153846144,0.9130434782608695,0.16666666666666666,0.9493483186014041,0.8268721581553027,0.2669911577594598,0.025291488559910324,0.0,0.30128523220000036,0.0,1.0,0.9499999999999955,0.9130434782608695,0.16666666666666666,0.6666756139729382,0.7393044289183406,0.413661904004982,0.0524182468106082,0.0,0.4726673709235595,0.0,1.0,0.6666666666666617,0.3690601900739177,0.5197680548234054,0.0,0.0,0.08801725801235664,0.5073712494878962,0.42773402144310585,0.7032289748487592,0.37330547157189403,0.8193311072334977,0.0,0.16664289207380764,0.0,0.0,0.942691879533473,0.0,0.659587578219449,0.0
623,0.9565217391304348,0.16666666666666666,0.6153894315905152,0.40305967213377947,0.42744493358995633,0.012163475496802103,0.0,0.26951391492542276,0.0,1.0,0.6153846153846154,0.9565217391304348,0.16666666666666666,0.8331172641773554,0.82826646933727,0.2931964013405767,0.018590627973147575,1.913345627170375,0.6929927551608417,0.0,1.0,0.8333333333333289,0.9565217391304348,0.16666666666666666,0.6666394355205101,0.7391343336090508,0.4061735831166191,0.03904543186154243,0.29106392215647736,0.572469905869024,0.0,1.0,0.6666666666666617,0.31890179514255557,0.6079335793357933,0.0,0.0,0.14518133649889306,0.6291447148254048,0.3547490148944855,0.7212320644443687,0.33845928336466524,0.33069018230858105,0.0,0.16982636575301466,0.0,0.0,0.6746184178613529,0.0,0.5820340584199356,0.0
624,1.0,0.16666666666666666,0.4021267061456896,0.6165348705646759,0.6667459639284619,0.002979004769650069,0.0,0.4194123246250218,0.0,1.0,0.3846153846153846,1.0,0.16666666666666666,0.7658132249004626,0.8273933936909579,0.3276609883418468,0.0023484267293568816,0.05890450769366405,0.27524610318731313,0.0,1.0,0.7666666666666636,1.0,0.16666666666666666,0.9977886612893203,0.7287756299680741,0.2813451175260684,0.016173040469551928,0.07309726671449555,0.24645968746819366,0.0,1.0,0.9999999999999893,0.27243928194297784,0.691091196626252,0.0,0.0,0.08679275940881545,0.6793668134839427,0.285844047731424,0.7588274427052563,0.13806214498915204,0.8313742167119292,0.0,0.15104469041888585,0.0,0.0,0.630259190928142,0.0,0.4763075871358839,0.0
625,0.0,0.3333333333333333,0.46108233448512276,0.39741258519096906,0.5953971794008308,0.0027167650351233538,0.0,0.3247697502567068,0.0,1.0,0.46153846153846073,0.0,0.3333333333333333,0.8317632950762074,0.8257155194426921,0.3134687311778777,0.0021544207536491992,0.0,0.1660461784898126,0.0,1.0,0.833333333333331,0.0,0.3333333333333333,0.9999259204955953,0.7388240908972342,0.2946084228325567,0.006945561302551882,0.36416049557146124,0.2010987563553289,0.0,1.0,0.9999999999999915,0.2312565997888069,0.7635740643120718,0.0,0.0,0.19769879055999762,0.8263781726485561,0.3196623777437911,0.9952317513260872,0.12109708599919898,1.0,0.11778858294517641,0.11586505115538201,0.0,0.3674991132100649,1.016477490449541,0.0,0.35308157478604335,0.0
626,0.043478260869565216,0.3333333333333333,0.3227732709486111,0.58688102676604,0.7516039631880991,0.002510183136534931,0.0,0.3761428969642156,0.0,1.0,0.3076923076923075,0.043478260869565216,0.3333333333333333,0.8488077056808554,0.8263452670653297,0.3181596307632998,0.0019909516288361003,0.0,0.12554858057163562,0.0,1.0,0.8499999999999971,0.043478260869565216,0.3333333333333333,0.9999723056208579,0.7390421735320067,0.32188374555741545,0.0024797653782177797,0.0,0.1613240969673819,0.0,1.0,0.9999999999999915,0.19588173178458293,0.8236689509752241,0.0,0.0,0.24663628571962154,0.7451914187157513,0.2083583929122274,0.5059352701648581,0.15473678703491334,0.9216497653241704,0.16122626664301085,0.11369554680002894,0.0,0.655741047688058,1.0300157668973464,0.0,0.25658757541264804,0.0
627,0.08695652173913043,0.3333333333333333,0.3083166009323098,0.410564306420712,0.7574809101276105,0.0023274545962057775,0.0,0.35174700444877444,0.0,1.0,0.3076923076923075,0.08695652173913043,0.3333333333333333,0.9899591924008941,0.8089367181372565,0.27797150969602896,0.0018405697258349692,0.0,0.0325551607254525,0.0,1.0,0.9999999999999968,0.08695652173913043,0.3333333333333333,0.9999723771339001,0.7390425097551508,0.3465460410894177,0.0001394273860582606,0.0,0.1396321896088072,0.0,1.0,0.9999999999999915,0.16261879619852174,0.8763837638376384,0.0,0.0,0.4017366107904529,0.8269043500079698,0.2246398187260739,0.3714352582933444,0.013388836410030124,0.7089575659684058,0.18936404149216357,0.12099155985001665,0.0,0.6310091784533187,0.7639425136786583,0.0,0.21543842533353721,0.0
628,0.13043478260869565,0.3333333333333333,0.3077730768731208,0.4039353677068224,0.7525960169587697,-0.0021367749364568623,0.0,0.2877463229250767,0.0,1.0,0.3076923076923075,0.13043478260869565,0.3333333333333333,0.9996835443682053,0.8272579151311739,0.304738899757487,0.0021565774940964376,0.0,0.036306513247678515,0.0,1.0,0.9999999999999968,0.13043478260869565,0.3333333333333333,0.9999764342555404,0.7390615845721724,0.3695160318502749,0.0027091220752053693,0.0,0.12393588951199813,0.0,1.0,0.9999999999999915,0.1351636747624077,0.9209277807063785,0.0,0.0,0.5616259257922324,0.8817673264260569,0.2608795362242679,0.4000875603674265,-0.0009641826035041845,0.6987677892711066,0.19598744948401842,0.15281213551722791,0.0,0.8870336578125527,0.6241941374998395,0.0,0.20146478999466733,0.0
629,0.17391304347826086,0.3333333333333333,0.3077129509663564,0.4032020589520038,0.7413374574852514,0.0019301930378684315,0.0,0.2459357424215541,0.0,1.0,0.3076923076923075,0.17391304347826086,0.3333333333333333,0.9997293941621631,0.827344298584802,0.3154277179252754,0.0038761166834163593,0.0,0.03199760514364712,0.0,1.0,0.9999999999999968,0.17391304347826086,0.3333333333333333,0.9999895678949833,0.7391233332184819,0.3974330370357474,0.00256320546653242,0.0,0.10502667066537055,0.0,1.0,0.9999999999999915,0.1261879619852165,0.9316025303110175,0.0,0.0,0.6544303102655379,0.8495772872025366,0.18484921384909045,0.18173402814210562,0.00817987687150078,0.8113564649448894,0.24096779599865262,0.10123686288662753,0.0,0.8820301220271177,0.6572806615111567,0.0,0.18616227483790818,0.0
630,0.21739130434782608,0.3333333333333333,0.3077028422034191,0.4030787702606353,0.7557213221303788,0.0019540463961277084,0.0,0.2237168875725095,0.0,1.0,0.3076923076923075,0.21739130434782608,0.3333333333333333,0.9997417086010291,0.8273674996434525,0.34867909071300773,0.007184468454961118,0.0,0.029301368641151772,0.0,1.0,0.9999999999999968,0.21739130434782608,0.3333333333333333,0.9999821291023666,0.7390883592589597,0.41943069695511187,0.01632341854930005,0.6761323883020782,0.5106605944687376,0.0,1.0,0.9999999999999915,0.12565997888067595,0.9290985767000528,0.0,0.0,0.7738814185375932,0.7171918839672039,0.05172392169907105,0.14435908468212333,0.19648607248330816,0.8203202140164026,0.2615717966613936,0.11861736710724143,0.0,0.8204326374792138,0.6917088669712633,0.0,0.22790115665429292,0.0
631,0.2608695652173913,0.3333333333333333,0.30770146621141486,0.40306198836016066,0.7590787799626296,0.010349775689883794,0.0,0.22334856131687073,0.03915799448670612,0.6666666666666666,0.3076923076923075,0.2608695652173913,0.3333333333333333,0.9992976022794016,0.8265307796818415,0.35899412657203356,0.020165771528332408,0.0,0.11982188803456278,0.03915799448670612,1.0,0.9999999999999968,0.2608695652173913,0.3333333333333333,0.999958246536873,0.738976073848961,0.42255107977924455,0.0333197847485846,0.0,0.20539055737533757,0.03915799448670612,1.0,0.9999999999999915,0.19112988384371704,0.8278861360042171,0.14251428022848364,0.3927805814836318,0.8604905989637135,0.6293623878879654,0.2794513431031575,0.11667429634968556,0.181658040505595,0.5057291330626543,0.1884008491534353,0.07502494057406958,0.07459237729241913,0.6918892309184631,0.33351882101064845,0.4692023745525682,0.30671366604854333,0.03915799448670612
632,0.30434782608695654,0.3333333333333333,0.30770102033627866,0.4030565503691542,0.760766765900495,0.016221289046554954,0.044082423937065976,0.26106764282828404,0.17078100857243658,0.6666666666666666,0.307692307692306,0.30434782608695654,0.3333333333333333,0.9161151907835855,0.8272248348310368,0.39327063280873736,0.03304968509127927,0.0,0.30206498204223414,0.17078100857243658,1.0,0.9166666666666602,0.30434782608695654,0.3333333333333333,0.9999889037817641,0.7391202108476932,0.43242006664649874,0.052405719059219355,0.0,0.21758722411298234,0.17078100857243658,0.5,0.9999999999999893,0.29989440337909185,0.6391671059567738,0.21883550136802188,0.6702916350319326,0.8471035209762514,0.536535857600219,0.4266650040580679,0.07161279986980117,0.24178939752900636,0.7287250642186699,0.20172535662990937,0.01627662396238561,0.16035324737435627,0.9703854023414717,0.06875709253484653,0.6113860089804486,0.3826151688662241,0.17078100857243655
633,0.34782608695652173,0.3333333333333333,0.3842163760332331,0.3980965537067932,0.6653683388921751,0.0028517868589339693,0.0,0.24313472783243384,0.4316407024079958,0.0,0.3846153846153856,0.34782608695652173,0.3333333333333333,0.9982880277298516,0.8246286874638173,0.3428089606945208,0.05220569471333344,0.30141867001014777,0.5999681020301657,0.4316407024079958,1.0,0.9999999999999968,0.34782608695652173,0.3333333333333333,0.9999891065102013,0.7391211639883942,0.4235077597975135,0.0767852008057976,0.244049663381082,0.4158817256822539,0.4316407024079958,0.5,0.9999999999999936,0.42555438225976777,0.4546652609383237,0.2507560120961935,0.8207092135232905,0.8727843716951332,0.4963382347076549,0.4673964006664317,0.1058819520957296,0.5867215558045711,0.5515649760510613,0.18052694953897377,0.0,0.15980049476648286,0.7691901318917139,0.0,0.4697163804235362,0.3897632984533305,0.4316407024079958
634,0.391304347826087,0.3333333333333333,0.6066534634359938,0.2965138872255324,0.4140417030235565,0.009239029979567461,0.0,0.1405730179253165,0.6626931960566672,0.3333333333333333,0.615384615384615,0.391304347826087,0.3333333333333333,0.9992946532768684,0.8265252236040147,0.32974992804232794,0.07255800158810663,0.0,0.38688905846006133,0.6626931960566672,1.0,0.9999999999999968,0.391304347826087,0.3333333333333333,0.9999889431458222,0.7391203959203113,0.4104091296694352,0.09783898116418764,0.2184951169065376,0.36021562526779644,0.6626931960566672,0.5,0.9999999999999936,0.5543822597676874,0.29994728518713765,0.2595641530264484,0.9077977758920994,0.9139138502316008,0.39369280470506873,0.5380402699830379,0.09923136140607068,0.30508307384033856,0.44843428520174083,0.16495856762450684,0.0,0.13694308211530895,0.6921476442556966,0.0,0.542019503760382,0.30580085159211023,0.6626931960566672
635,0.43478260869565216,0.3333333333333333,0.6153759538130904,0.4028952942023624,0.4012435362333078,0.008909839593965525,0.0,0.19637931827759547,0.8276220243958002,0.3333333333333333,0.615384615384612,0.43478260869565216,0.3333333333333333,0.9992963534999666,0.8265284269148738,0.3101627341418275,0.07142867385161802,0.0,0.42333748382068914,0.8276220243958002,1.0,1.0,0.43478260869565216,0.3333333333333333,0.9999887664120007,0.7391195649949299,0.3894025495039739,0.0778674635636838,0.0,0.3626798172872167,0.8276220243958002,0.0,0.9999999999999958,0.6715945089757128,0.1854243542435424,0.26035616569865117,0.9579741860568979,0.8611540248559169,0.2883473333859546,0.7020528708602194,0.04649436118830718,0.7999348621955498,0.38569717006276805,0.18031009765190026,0.0,0.20713581641038448,0.6308804706864176,0.0,0.701827215771443,0.4518709863692412,0.8276220243958002
636,0.4782608695652174,0.3333333333333333,0.6153888364955201,0.4030524142246145,0.39103536669174,0.009044625579412073,0.0,0.253681178010917,0.9263154217543679,0.3333333333333333,0.6153846153846154,0.4782608695652174,0.3333333333333333,0.9989260692966104,0.825830791755615,0.2786734654406974,0.06847050597177745,0.15793983862855257,0.6052873870580217,0.9263154217543679,1.0,0.9999999999999979,0.4782608695652174,0.3333333333333333,0.9999889770417204,0.7391205552840561,0.36195626921933965,0.07425682470148677,0.0,0.40986310927576836,0.9263154217543679,0.0,0.9999999999999915,0.7618796198521649,0.11122825513969428,0.24494791916670666,0.9807400294761288,0.8367758038453006,0.2754882475386416,0.8227089396307948,0.1280223258187389,0.7946188772328378,0.2503932179329805,0.11818807096744866,0.0,0.38696398400316606,0.7463363538213482,0.0,0.4317164821855653,0.61492862729316,0.9263154217543679
637,0.5217391304347826,0.3333333333333333,0.8722151544019379,0.2518093165809483,0.12334820552565035,0.009567748511844453,0.0,0.1345205701484986,0.9642863569015521,0.3333333333333333,0.8846153846153844,0.5217391304347826,0.3333333333333333,0.9989859101890367,0.8259435351838885,0.25071529316013363,0.05746337923171193,0.0,0.5041477681881538,0.9642863569015521,0.0,0.9999999999999936,0.5217391304347826,0.3333333333333333,0.9999894502716917,0.7391227802050397,0.3296626842649153,0.07422169295748134,0.0728320793059192,0.47486685318940486,0.9642863569015521,0.0,0.9999999999999936,0.8262935586061246,0.06352134949920929,0.20743531896510345,0.9939484614353982,0.6845934716688267,0.33486371512150204,0.9054837245339505,0.20937252426373495,0.8843147814376927,0.04788314366284346,0.11182023650161622,0.0,0.30392132552862267,0.5173118662131253,0.0,0.5061915722120367,0.6790076345517759,0.9642863569015521
638,0.5652173913043478,0.3333333333333333,0.923056936182883,0.4028078116618458,0.07008379788213899,0.009601717875890328,0.0,0.15669343492089885,0.9752149729950305,0.3333333333333333,0.9230769230769239,0.5652173913043478,0.3333333333333333,0.9161042602411039,0.8272042411068762,0.247352012503831,0.04335826650479691,0.0,0.6087389402366196,0.9752149729950305,0.0,0.9166666666666602,0.5652173913043478,0.3333333333333333,0.9999903251775517,0.7391268936309389,0.29421572731015977,0.05614017838172573,0.0,0.5378028671831517,0.9752149729950305,0.0,0.9999999999999915,0.8680042238648363,0.03386926726410122,0.19694715115441846,1.0143472823902462,0.5401819600029889,0.21882599787774,0.9128801099012345,0.23935795899506188,1.0,0.2889278846547574,0.027044226495239986,0.0,0.28892075546376933,0.08133053058645323,0.0,0.7411645845489544,0.6909312672908756,0.9752149729950305
639,0.6086956521739131,0.3333333333333333,0.704829717692565,0.5557349633453758,0.277778507034671,0.015618439608100583,0.08816253435911439,0.36562400824125313,0.9287539365231056,0.6666666666666666,0.6923076923076921,0.6086956521739131,0.3333333333333333,0.9956257933044645,0.8196128960244016,0.18502855086356196,0.03631007254860997,0.0,0.6598373443292865,0.9287539365231056,0.0,0.9999999999999968,0.6086956521739131,0.3333333333333333,0.999991816404571,0.7391339047301989,0.2591192353171578,0.04712774135861833,0.0,0.6160378167593249,0.9287539365231056,0.0,0.9999999999999915,0.8917634635691659,0.01897733263046913,0.20688331013296213,1.0074025278013488,0.4971156441125069,0.19185567570334475,0.8957228949195246,0.4086298455316504,0.6441699583309081,0.0691385497291823,0.0,0.0,0.1932295741107495,0.0,0.0,0.4907098635669998,0.7027840753589838,0.9287539365231056
640,0.6521739130434783,0.3333333333333333,0.6178783172036695,0.43341466731118805,0.3475633394216747,0.016869704295579012,0.044082434904614554,0.6429407385175825,0.8093292088940167,0.6666666666666666,0.6153846153846144,0.6521739130434783,0.3333333333333333,0.9968469103766416,0.8219135456211251,0.15811210302624898,0.033039519816313034,0.0,0.6876981201391528,0.8093292088940167,0.0,0.9999999999999968,0.6521739130434783,0.3333333333333333,0.9999928288292975,0.7391386647098392,0.227844457353617,0.038365316139501414,0.0,0.6907878841317263,0.8093292088940167,0.0,0.9999999999999915,0.8959873284054911,0.015682656826568237,0.1912590601449623,0.9748894645169934,0.4505866051666074,0.17955011727412115,1.0078160881484277,0.40444983007254504,1.0,0.21216022526416783,0.0,0.0,0.27962716801924925,0.0,0.0,0.5200324241706179,0.7116923955372673,0.8093292088940167
641,0.6956521739130435,0.3333333333333333,0.6154181847778913,0.40341035231752986,0.3321450042467875,0.16215211713823705,0.0,0.7591341079589831,0.638492574374328,0.6666666666666666,0.615384615384615,0.6956521739130435,0.3333333333333333,0.9978901902254601,0.8238791404180063,0.1261771258957265,0.018757156628513776,0.0,0.7263455103244237,0.638492574374328,0.0,0.9999999999999968,0.6956521739130435,0.3333333333333333,0.9999907523679796,0.739128902094063,0.1915709145479361,0.024907244047914525,0.0,0.7456579166848417,0.638492574374328,0.0,0.9999999999999936,0.8764519535374866,0.023194517659462285,0.1839149426390822,0.9168974141396097,0.38261624792888727,0.1527198911120426,0.84822560721203,0.5646657866667337,0.7394813093661734,0.11665017677740476,0.0,0.0,0.2033994151430801,0.0,0.0,0.3407319661165066,0.722333170899148,0.638492574374328
642,0.7391304347826086,0.3333333333333333,0.9162683323072156,0.32001250888939364,0.0330382693531793,0.03300412180825625,0.08816473393264836,0.41838061316082975,0.40214739631098106,1.0,0.9230769230769229,0.7391304347826086,0.3333333333333333,0.9985529943597,0.8251278987057167,0.09743527467784381,0.012829228842841885,0.0,0.7258158229757751,0.40214739631098106,0.0,0.9999999999999968,0.7391304347826086,0.3333333333333333,0.9999892746156536,0.7391219543469554,0.15669944472038358,0.04330490244513632,0.0,0.8204127624357367,0.40214739631098106,0.5,0.9999999999999893,0.8252375923970432,0.0503426462836057,0.16188259012144193,0.8040730650707874,0.2952721030022006,0.19765854848262898,0.8997814589580088,0.575595446354507,0.9806640224485417,0.32785776650224435,0.0,0.0,0.12935730675476148,0.0,0.0,0.40530835639854135,0.7317339397541576,0.40214739631098106
643,0.782608695652174,0.3333333333333333,0.8381587384909215,0.4931604410943808,0.11002514954130505,0.030045443782774843,0.044081886646836765,0.35437204439856657,0.12906752633317595,0.6666666666666666,0.8307692307692305,0.782608695652174,0.3333333333333333,0.9982669174113501,0.8245889144994993,0.06355278826602996,0.023354625546340983,0.4525614586791648,1.061895971323769,0.12906752633317595,1.0,0.9999999999999936,0.782608695652174,0.3333333333333333,0.9999890362768108,0.7391208337816136,0.13236765321367425,0.07259243975584025,0.0,0.7409884786108489,0.12906752633317595,1.0,0.9999999999999936,0.7296726504751849,0.11544544016868744,0.1197379158066529,0.555580367111786,0.22418357233200703,0.20497739828648842,0.6128316711938954,0.7151338023432064,0.7383850327986301,0.4022196056109292,0.0,0.08529743268852515,0.09520462243293046,0.0,0.3056956962405351,0.33916788220786437,0.726321773348127,0.12906752633317595
644,0.8260869565217391,0.3333333333333333,0.47482769463898533,0.565054014341766,0.47714403266482486,0.02576766447480254,0.0,0.6852989437994562,0.0005531084318280346,0.6666666666666666,0.4615384615384617,0.8260869565217391,0.3333333333333333,0.99929869397373,0.8265328364920942,0.058088227712068737,0.021998701641057473,0.0,0.47659045173592346,0.0005531084318280346,1.0,0.9999999999999979,0.8260869565217391,0.3333333333333333,0.9999886086713673,0.7391188233672571,0.12863077509555002,0.9775900907746973,0.07940779920310607,0.7957228785909483,0.0005531084318280346,1.0,0.9999999999999936,0.5659978880675819,0.25619399051133374,0.026616425862813802,0.1080456433388415,0.23767332946787872,0.2814518521270015,0.5433203901800838,0.946843580563734,0.8130694523297125,0.19216186958690762,0.0,0.13054071031235295,0.014506160553085571,0.0,0.48058933983911295,0.04221796430871348,0.7206438132600511,0.0005531084318280346
645,0.8695652173913043,0.3333333333333333,0.6153803325562726,0.40294869831519065,0.32566454537822104,0.03872783850044735,0.04878458450409091,0.49821672570187275,0.0,1.0,0.6153846153846144,0.8695652173913043,0.3333333333333333,0.9993735925656885,0.8266739494282046,0.06296168746955073,0.022641911659402707,0.0,0.3907062733810691,0.0,1.0,0.9999999999999968,0.8695652173913043,0.3333333333333333,0.9999892103186149,0.7391216520502935,0.12428880299597037,0.08416950939773238,0.05724806666339693,0.5945044751008064,0.0,1.0,0.9999999999999936,0.4736008447729674,0.37401159725882976,0.0,0.0,0.1568404687125591,0.4660491841047799,0.4544983312757351,1.0,0.2698001275294273,0.20380086683787485,0.0,0.20697702966568599,0.0,0.0,0.5897556234690389,0.0,0.7259301714179773,0.0
646,0.9130434782608695,0.3333333333333333,0.615389011264857,0.4030545457498097,0.3437875969187325,0.5331226008237204,0.0,0.4256604761829444,0.0,1.0,0.615384615384615,0.9130434782608695,0.3333333333333333,0.9494113780444089,0.8269909655042614,0.09023797104485694,0.025291488559910324,0.0,0.3543342541154754,0.0,1.0,0.9499999999999976,0.9130434782608695,0.3333333333333333,0.9999900639450334,0.739125665429537,0.13030548777991935,0.09910072830774218,0.0,0.49255062902794594,0.0,1.0,0.9999999999999915,0.40390707497360095,0.4901159725882973,0.0,0.0,0.14931947120585762,0.526263806604416,0.31734010418263925,1.0,0.3633648089396031,0.6678484319225363,0.0,0.20214875933537949,0.0,0.0,0.6812188911705346,0.0,0.7095262197567069,0.0
647,0.9565217391304348,0.3333333333333333,0.615389220055914,0.40305709221137065,0.35477519200078694,0.012163475496802103,0.0,0.3363708241167543,0.0,1.0,0.6153846153846144,0.9565217391304348,0.3333333333333333,0.8827211524400608,0.8272743475067567,0.12589295950068685,0.018590627973147575,0.05869062712062132,0.3283067561105812,0.0,1.0,0.8833333333333302,0.9565217391304348,0.3333333333333333,0.9999902157589441,0.739126379192363,0.1423369408926027,0.03904543186154243,0.0,0.39222433598832485,0.0,1.0,0.9999999999999893,0.35005279831045416,0.5898787559304164,0.0,0.0,0.13283344020818805,0.6926872082832567,0.44236987809365036,0.7875767484934617,0.23164661777188397,0.7523793988523012,0.0,0.18919637710624354,0.0,0.0,0.7440219674637114,0.0,0.6091238140009143,0.0
648,1.0,0.3333333333333333,0.32951418499434804,0.6690946939061154,0.670914259361479,0.002979004769650069,0.0,0.5476788635880202,0.0,1.0,0.3076923076923075,1.0,0.3333333333333333,0.8325235134089131,0.8271478112682809,0.1572011006046429,0.007740458247782255,0.0,0.2833600596900786,0.0,1.0,0.8333333333333289,1.0,0.3333333333333333,0.999990690085053,0.7391286092668979,0.1563136470236429,0.016173040469551928,0.0,0.31426846807731157,0.0,1.0,0.9999999999999936,0.30359028511087643,0.6730363732208751,0.0,0.0,0.1596482184216991,0.7141397590868671,0.3853036254660248,0.8156983598561214,0.202377161263027,0.9568592537705738,0.0,0.25493165830534853,0.0,0.0,0.5115622404981934,0.0,0.49323910615813615,0.0
